id_cliente;valor_transacao;data;cidade
85;2802.21;28/04/2026;da Mota
10;9844.93;28/04/2026;Lopes do Campo
26;14469.07;05/04/2026;Silva
19;2134.48;07/04/2026;Vieira
10;4027.0;16/04/2026;Mendes de Fernandes
75;13927.57;16/04/2026;Aparecida de Minas
13;12431.66;02/04/2026;Monteiro
51;5054.42;11/04/2026;Pastor
66;13214.36;10/04/2026;Peixoto da Praia
92;7168.79;19/04/2026;Castro da Serra
18;1233.59;01/04/2026;Rezende dos Dourados
68;12806.49;25/04/2026;Ramos
19;17478.29;12/04/2026;Andrade
34;13817.42;01/04/2026;Almeida das Flores
92;953.37;11/04/2026;Mendes
10;17819.99;15/04/2026;Pinto dos Dourados
60;15017.07;15/04/2026;Caldeira
55;4134.49;19/04/2026;da Mata de Lopes
100;4885.92;03/04/2026;Novaes do Sul
84;12371.97;16/04/2026;Montenegro
17;10093.59;24/04/2026;Silveira
24;9810.9;22/04/2026;Silva de Martins
10;9153.59;27/04/2026;Cirino do Campo
63;307.11;23/04/2026;Alves Grande
38;10246.53;17/04/2026;Cassiano de Nunes
23;6425.79;18/04/2026;Costa da Mata
25;19399.7;05/04/2026;Cardoso
86;1456.05;20/04/2026;Farias
28;4817.88;19/04/2026;Pacheco
2;9297.42;05/04/2026;Machado
3;13684.06;11/04/2026;Vasconcelos do Amparo
57;13007.3;21/04/2026;Correia
40;394.57;05/04/2026;Caldeira de Sampaio
14;5873.58;14/04/2026;Peixoto de Goiás
42;14748.93;05/04/2026;Sá
79;11539.18;22/04/2026;Pires
53;1902.56;02/04/2026;Almeida
83;4756.08;22/04/2026;Fernandes
81;3810.06;12/04/2026;Caldeira
66;1887.08;27/04/2026;Santos de Peixoto
22;2349.15;28/04/2026;Barros de Fogaça
95;17587.33;18/04/2026;Rodrigues
42;18105.59;19/04/2026;Rocha de Brito
27;8261.34;02/04/2026;Fonseca
18;87.08;24/04/2026;Ramos da Mata
61;316.57;26/04/2026;Farias
41;13469.13;11/04/2026;Nunes do Oeste
47;10244.21;04/04/2026;Correia de Correia
65;17656.22;08/04/2026;da Cunha da Praia
44;14897.64;16/04/2026;Viana
8;14073.91;10/04/2026;Silveira de Porto
63;18017.18;25/04/2026;Castro
71;2697.83;09/04/2026;Almeida Grande
50;11510.07;03/04/2026;Caldeira
37;1347.34;15/04/2026;Fernandes
86;16035.98;22/04/2026;Mendonça
94;2359.13;11/04/2026;Sá
97;4002.75;11/04/2026;Fernandes do Campo
79;8561.67;17/04/2026;Campos da Praia
62;11696.54;20/04/2026;Ferreira
85;15157.59;09/04/2026;da Mata
51;2968.37;29/04/2026;Marques de Cirino
5;7795.21;11/04/2026;Araújo das Flores
4;14206.53;16/04/2026;Cavalcante dos Dourados
35;18659.47;03/04/2026;Cunha Alegre
19;9048.29;19/04/2026;Garcia
71;2963.0;07/04/2026;Peixoto dos Dourados
34;15008.47;28/04/2026;Sampaio de Leão
20;11223.12;19/04/2026;da Mota da Mata
30;18434.08;17/04/2026;Barros das Flores
31;19545.4;15/04/2026;Pinto
21;17110.32;08/04/2026;Leão
60;18169.4;07/04/2026;da Rocha
53;10413.24;23/04/2026;da Cruz
13;16742.61;11/04/2026;Ferreira
17;6434.58;03/04/2026;Gonçalves Alegre
99;18279.7;25/04/2026;Câmara das Pedras
92;14468.8;05/04/2026;Pinto
21;11807.43;25/04/2026;Silveira de Andrade
43;4010.5;13/04/2026;Fonseca
91;6681.07;21/04/2026;Costa
54;11640.63;09/04/2026;Silva do Amparo
60;1038.98;19/04/2026;Cirino
75;12801.45;10/04/2026;Vieira Alegre
32;4255.65;23/04/2026;Araújo da Prata
21;2336.06;10/04/2026;Cardoso do Norte
28;8747.1;15/04/2026;Gonçalves dos Dourados
87;10877.59;09/04/2026;Barros
46;16778.31;26/04/2026;Mendonça
56;2416.46;12/04/2026;Barbosa das Flores
83;16962.65;14/04/2026;Souza
81;12352.14;12/04/2026;Moreira da Mata
35;8079.22;05/04/2026;da Cruz
76;1772.21;21/04/2026;Moreira das Flores
10;8574.68;24/04/2026;Leão
31;8859.59;20/04/2026;Novaes
1;9647.97;06/04/2026;Nogueira das Flores
49;5940.91;17/04/2026;Dias
55;10630.69;28/04/2026;Borges de Alves
49;14595.23;28/04/2026;Alves
83;2528.66;09/04/2026;Rocha
56;593.87;10/04/2026;Sousa de Sampaio
11;18335.41;28/04/2026;Aragão
3;14740.83;04/04/2026;Porto de Goiás
57;2939.36;22/04/2026;Moura Grande
75;14440.31;17/04/2026;Melo
23;437.24;06/04/2026;Campos
66;7021.22;19/04/2026;da Conceição
72;941.72;23/04/2026;Porto da Serra
32;16782.16;01/04/2026;Rocha das Flores
10;9528.96;05/04/2026;Vasconcelos do Norte
71;7997.22;16/04/2026;Moraes
60;6445.38;21/04/2026;Pimenta dos Dourados
39;12668.91;12/04/2026;Correia
79;8769.38;04/04/2026;Farias das Flores
62;11151.19;20/04/2026;Vasconcelos de Marques
68;13807.96;08/04/2026;Melo do Galho
11;14395.82;22/04/2026;das Neves Grande
20;3855.62;27/04/2026;Sales
61;11501.75;19/04/2026;Mendonça de Novais
97;14480.39;19/04/2026;Lima
76;8379.36;16/04/2026;Montenegro
29;16375.68;27/04/2026;Casa Grande
81;7608.28;22/04/2026;Nascimento
80;3580.96;15/04/2026;da Luz
27;2826.36;21/04/2026;Souza do Oeste
46;3564.16;09/04/2026;Cirino
67;19110.04;04/04/2026;Barros
93;13317.61;23/04/2026;Pereira de Silveira
66;14803.72;03/04/2026;Brito
83;12541.77;19/04/2026;Oliveira
63;11681.34;20/04/2026;Peixoto do Oeste
82;492.78;18/04/2026;da Luz de Azevedo
39;5089.83;01/04/2026;da Rosa de Goiás
34;475.5;02/04/2026;Gomes
72;18745.97;23/04/2026;Ramos das Pedras
61;9154.8;27/04/2026;Fernandes de Fogaça
40;14220.89;22/04/2026;Araújo
36;6581.69;02/04/2026;Alves das Flores
50;17278.65;12/04/2026;Duarte de Andrade
91;4069.8;29/04/2026;Nascimento de Peixoto
10;9601.57;09/04/2026;Melo de Freitas
46;3284.98;03/04/2026;Alves do Sul
91;18151.2;05/04/2026;Oliveira
43;31.39;20/04/2026;Lopes
25;14327.23;24/04/2026;Pimenta das Pedras
24;1057.4;10/04/2026;Machado
82;10107.53;04/04/2026;Campos dos Dourados
7;3560.31;21/04/2026;Jesus
3;10950.2;01/04/2026;Pereira dos Dourados
54;17983.53;29/04/2026;Ramos
49;685.98;10/04/2026;da Cruz do Amparo
70;4825.91;20/04/2026;Santos
85;6087.21;17/04/2026;da Cruz
56;8462.66;20/04/2026;Sá de das Neves
13;2249.58;01/04/2026;Oliveira das Flores
95;14974.82;18/04/2026;Almeida de Caldeira
94;1259.58;11/04/2026;Pacheco
97;10332.67;05/04/2026;Caldeira
25;795.01;24/04/2026;Cavalcante
45;5820.39;12/04/2026;Lopes da Praia
30;40.33;29/04/2026;Cardoso do Galho
1;9801.59;24/04/2026;Nunes
79;18790.36;28/04/2026;Abreu do Galho
40;15856.58;20/04/2026;Teixeira
78;4287.0;02/04/2026;Andrade
16;854.96;03/04/2026;Casa Grande dos Dourados
55;3632.32;01/04/2026;Gonçalves dos Dourados
49;17767.43;06/04/2026;Oliveira
93;6027.32;13/04/2026;Rios da Prata
49;8304.15;16/04/2026;Melo
77;11827.49;09/04/2026;Martins do Sul
55;7869.94;03/04/2026;Sampaio dos Dourados
37;2326.9;11/04/2026;Dias
52;19515.78;15/04/2026;Cavalcanti de Minas
20;7553.07;05/04/2026;Alves de Vargas
19;8194.65;21/04/2026;Azevedo
50;11361.22;07/04/2026;Monteiro de Fogaça
7;6186.07;03/04/2026;Fernandes
56;2824.92;02/04/2026;Abreu
52;16422.44;23/04/2026;Martins
89;4909.76;18/04/2026;Nascimento
5;12955.27;13/04/2026;da Cunha
43;19512.38;26/04/2026;da Conceição da Prata
69;9423.93;14/04/2026;das Neves Verde
14;8151.73;06/04/2026;da Mata do Sul
83;4157.81;22/04/2026;Souza
89;5688.63;01/04/2026;Freitas
50;3573.98;29/04/2026;da Costa
30;8718.91;08/04/2026;Monteiro de Vieira
14;11149.42;07/04/2026;Correia da Mata
67;19503.7;23/04/2026;Gomes
11;16463.21;12/04/2026;da Mata do Campo
79;7857.89;01/04/2026;Pinto
97;922.68;20/04/2026;Souza
66;19062.03;08/04/2026;das Neves
59;7275.38;24/04/2026;das Neves
83;16030.74;26/04/2026;Lima Paulista
53;2671.25;19/04/2026;da Rosa
17;15869.19;24/04/2026;Cunha das Flores
19;18076.65;02/04/2026;Casa Grande
26;18028.49;10/04/2026;Cardoso das Pedras
31;9238.45;01/04/2026;Nogueira
28;10780.71;11/04/2026;Fonseca de da Cunha
8;4469.06;08/04/2026;Lopes
68;7783.76;29/04/2026;Marques do Sul
78;11569.36;02/04/2026;Novaes da Mata
17;2346.48;26/04/2026;Pereira de Leão
14;4705.43;10/04/2026;Alves
47;15121.19;10/04/2026;Aragão do Galho
39;10670.35;08/04/2026;Martins de Moraes
39;3930.18;13/04/2026;Pacheco
20;14038.47;18/04/2026;Albuquerque
42;4486.17;06/04/2026;da Rosa do Sul
13;16242.67;16/04/2026;Castro
13;11749.85;24/04/2026;Cavalcanti
30;10764.47;16/04/2026;Nunes
22;3785.75;26/04/2026;da Cunha dos Dourados
12;15236.05;18/04/2026;Vasconcelos
32;3756.14;11/04/2026;Ferreira do Amparo
90;10256.91;07/04/2026;da Cunha do Galho
14;5979.32;19/04/2026;Cavalcante de Fogaça
32;12261.16;20/04/2026;Nogueira
36;17326.59;01/04/2026;Gomes
44;17353.35;08/04/2026;Fogaça
70;3916.96;10/04/2026;Costela de Nunes
45;4412.49;28/04/2026;Santos
79;5748.39;22/04/2026;Nascimento de Farias
23;19254.36;02/04/2026;Azevedo
49;18613.62;17/04/2026;da Cunha
61;18536.1;15/04/2026;Lopes
99;4414.92;02/04/2026;Cassiano Verde
23;17268.05;18/04/2026;Caldeira de Goiás
66;19725.38;19/04/2026;Rezende da Mata
73;18156.68;23/04/2026;Casa Grande Grande
98;2210.63;17/04/2026;Teixeira
92;17369.19;04/04/2026;Vasconcelos
20;16380.69;20/04/2026;Abreu de Minas
72;3481.15;17/04/2026;Macedo
48;17910.61;05/04/2026;Sales do Sul
77;4517.78;09/04/2026;Teixeira
35;2644.57;23/04/2026;Costa
31;877.73;10/04/2026;Casa Grande
3;4572.2;06/04/2026;das Neves de Minas
51;16730.53;17/04/2026;Cunha
64;10373.01;18/04/2026;Alves
39;4721.86;19/04/2026;Melo
65;5806.18;15/04/2026;da Rocha
44;8113.2;27/04/2026;Aragão de Melo
19;5802.5;02/04/2026;Lima
73;17176.27;03/04/2026;Porto
73;14914.05;19/04/2026;Araújo Grande
69;9503.7;12/04/2026;Silveira
52;4799.35;24/04/2026;Nogueira de Duarte
34;1394.82;16/04/2026;Costa do Campo
43;7964.39;17/04/2026;Porto
18;10494.77;21/04/2026;Guerra de Pereira
1;2173.19;13/04/2026;Monteiro da Praia
11;4699.29;12/04/2026;Campos de Minas
96;15959.14;23/04/2026;Gonçalves Paulista
36;17317.49;28/04/2026;Pires de Barbosa
78;3260.91;04/04/2026;Araújo de Pereira
54;12397.13;07/04/2026;Moura
49;6931.2;17/04/2026;Jesus de Fonseca
90;10021.56;11/04/2026;Teixeira
22;13666.47;16/04/2026;Pereira de Pereira
32;11781.29;11/04/2026;Dias
56;100.31;08/04/2026;Sá do Galho
95;9122.43;03/04/2026;Vargas do Galho
20;1675.38;13/04/2026;Cunha
16;997.49;02/04/2026;Nascimento de Goiás
87;18968.76;28/04/2026;Alves Verde
77;12917.68;29/04/2026;Fernandes de Ramos
62;5553.75;09/04/2026;Cirino
25;16982.21;21/04/2026;Costa do Oeste
83;177.71;14/04/2026;Martins
77;7932.02;10/04/2026;Montenegro do Norte
34;3168.45;24/04/2026;Andrade
5;10846.21;27/04/2026;Costela
5;15850.82;06/04/2026;Vargas
66;11521.62;03/04/2026;Dias
19;13245.9;12/04/2026;Cirino
45;163.83;26/04/2026;Câmara
65;1105.7;29/04/2026;da Rosa do Oeste
13;2418.08;09/04/2026;Freitas Paulista
100;8072.78;14/04/2026;Marques
14;6727.03;15/04/2026;Aparecida
89;16228.36;22/04/2026;Aragão do Oeste
31;1076.71;27/04/2026;Cunha do Norte
9;8413.17;21/04/2026;Gomes
11;16674.28;19/04/2026;Rezende de Nascimento
29;11293.17;23/04/2026;Nascimento
41;19298.52;06/04/2026;Sampaio
87;11327.33;26/04/2026;da Mata Grande
2;6407.01;17/04/2026;Leão
87;9564.29;08/04/2026;Gomes
72;14194.42;25/04/2026;Moreira
79;13955.41;29/04/2026;Leão
39;13033.59;29/04/2026;Garcia
65;14309.41;28/04/2026;Mendonça de Minas
15;476.13;10/04/2026;da Cunha Paulista
50;18527.2;26/04/2026;Cirino de Garcia
97;8163.27;15/04/2026;Andrade Alegre
63;10389.14;26/04/2026;Siqueira
23;11965.36;07/04/2026;Pires das Flores
57;4158.49;22/04/2026;Pastor dos Dourados
56;3941.34;04/04/2026;da Cunha
10;15279.73;24/04/2026;Duarte da Praia
68;9005.8;18/04/2026;Machado da Prata
47;1803.22;11/04/2026;Fernandes do Oeste
80;6190.1;23/04/2026;Cunha do Norte
46;19095.4;20/04/2026;da Paz
34;9097.03;25/04/2026;Cassiano Grande
51;2612.44;08/04/2026;Alves
74;5782.28;27/04/2026;Ferreira
59;15291.4;13/04/2026;Rios
51;18830.19;07/04/2026;Abreu de Minas
20;13419.33;17/04/2026;Leão das Flores
99;1908.95;02/04/2026;Novaes
21;16906.82;07/04/2026;Sales
8;16619.79;14/04/2026;Nascimento Paulista
65;7848.37;26/04/2026;da Luz
21;17570.47;04/04/2026;Porto da Mata
70;11493.11;29/04/2026;Pacheco Paulista
23;1361.24;23/04/2026;Brito Alegre
68;9672.45;17/04/2026;Lopes
81;9419.39;12/04/2026;Pimenta Paulista
73;15523.37;06/04/2026;Martins de Aparecida
20;19438.35;11/04/2026;Abreu
21;13318.25;19/04/2026;Rodrigues
26;1844.04;20/04/2026;Almeida do Norte
87;18935.33;25/04/2026;da Cruz
84;8069.35;01/04/2026;Pereira da Praia
35;18146.76;12/04/2026;Casa Grande de Pires
81;5836.31;19/04/2026;Freitas Grande
92;13134.36;13/04/2026;Farias do Norte
15;14374.18;17/04/2026;Sá dos Dourados
43;13371.52;24/04/2026;Vargas
41;2974.93;06/04/2026;Nascimento do Amparo
100;3621.02;20/04/2026;Pimenta
51;13087.6;03/04/2026;Costela
81;11797.37;20/04/2026;Monteiro das Flores
99;12444.29;07/04/2026;da Paz
56;10493.22;24/04/2026;Cardoso de Gomes
23;19455.89;14/04/2026;Ferreira do Campo
13;6182.41;28/04/2026;da Mota de Minas
75;4822.18;21/04/2026;Porto dos Dourados
77;19924.81;12/04/2026;Almeida de Macedo
30;14690.1;21/04/2026;da Cruz Verde
65;10925.53;29/04/2026;Ferreira de Sampaio
96;19560.3;01/04/2026;Casa Grande
52;10438.45;10/04/2026;Ramos
64;1882.43;18/04/2026;Alves
11;17741.1;28/04/2026;Gomes
34;4004.3;20/04/2026;Cardoso de Leão
68;245.41;29/04/2026;Viana de Minas
72;7974.05;27/04/2026;Azevedo
12;14948.35;06/04/2026;da Cruz
57;9123.23;07/04/2026;Porto
49;18150.55;20/04/2026;Nogueira de Cardoso
82;7645.97;25/04/2026;Souza
92;16053.57;23/04/2026;Costela
19;12995.66;15/04/2026;Brito de da Mota
44;10183.72;15/04/2026;Costa de Barbosa
18;7038.77;22/04/2026;Cirino da Mata
46;16741.36;15/04/2026;Oliveira de Pinto
75;9051.47;18/04/2026;Dias do Sul
84;3139.19;01/04/2026;Novaes dos Dourados
22;14367.99;21/04/2026;Nogueira
40;7063.89;03/04/2026;da Paz
67;4994.96;18/04/2026;Guerra
94;13220.08;25/04/2026;Montenegro
55;19454.11;24/04/2026;Vargas
4;5992.55;02/04/2026;Aparecida
25;4835.74;17/04/2026;Gomes
71;17638.35;02/04/2026;Peixoto
22;2313.07;11/04/2026;Barros
48;1789.47;21/04/2026;Martins
28;16516.34;16/04/2026;Rodrigues de Aparecida
53;17959.6;02/04/2026;da Mota
58;16191.39;24/04/2026;Macedo
59;8647.94;05/04/2026;Pinto das Pedras
52;17002.67;14/04/2026;Ribeiro do Galho
99;12225.3;07/04/2026;Moreira do Oeste
88;4728.42;02/04/2026;Santos dos Dourados
84;9101.37;19/04/2026;Lopes
47;36.95;23/04/2026;da Luz do Sul
7;2129.86;05/04/2026;Vasconcelos
86;683.37;08/04/2026;Peixoto de Casa Grande
24;2696.9;14/04/2026;Pires
38;17230.55;11/04/2026;Andrade de Abreu
42;3894.59;18/04/2026;Peixoto de Lopes
59;6682.91;13/04/2026;Farias
56;14590.66;19/04/2026;Santos
80;1960.45;07/04/2026;da Conceição
92;11092.31;22/04/2026;Monteiro
28;1735.21;03/04/2026;da Cruz
25;18757.18;12/04/2026;da Rocha
100;11235.06;18/04/2026;Sampaio
51;2570.33;05/04/2026;das Neves
100;10924.65;07/04/2026;Farias do Campo
21;19472.93;25/04/2026;Duarte
97;13353.9;13/04/2026;Gomes do Amparo
26;12199.14;23/04/2026;Mendonça de Melo
80;3964.57;19/04/2026;Martins
22;13697.15;29/04/2026;Cardoso
49;15729.71;06/04/2026;Leão
96;3568.7;04/04/2026;Melo
30;11731.74;01/04/2026;Peixoto
13;10478.73;05/04/2026;Sampaio
43;4955.78;13/04/2026;Pimenta do Sul
71;12339.41;14/04/2026;da Cunha
68;5844.81;19/04/2026;da Mota
15;10399.57;22/04/2026;da Paz Alegre
56;14903.93;05/04/2026;Montenegro
58;2016.97;02/04/2026;Peixoto das Flores
15;19798.59;22/04/2026;Abreu de Montenegro
22;2299.06;11/04/2026;Porto da Praia
53;14040.5;27/04/2026;Araújo da Mata
11;5561.55;03/04/2026;Rezende
98;4424.45;27/04/2026;Macedo
50;5417.97;23/04/2026;Gonçalves de Goiás
80;14967.19;01/04/2026;Barbosa
27;8679.82;25/04/2026;Teixeira
76;15001.91;28/04/2026;Cavalcanti
16;7289.0;22/04/2026;Dias
34;19227.13;01/04/2026;Sá
31;5313.26;06/04/2026;Moura de Macedo
90;3320.19;28/04/2026;da Cunha
55;4698.37;16/04/2026;Campos da Mata
18;12842.54;28/04/2026;Borges
58;15383.69;14/04/2026;Azevedo
99;12668.48;15/04/2026;Cavalcanti
91;16117.73;09/04/2026;Garcia
16;11917.7;05/04/2026;Farias
18;4770.24;03/04/2026;Araújo de Vieira
29;17694.89;19/04/2026;Campos
52;11240.71;06/04/2026;Sousa de Garcia
14;4512.34;05/04/2026;Nogueira
15;16415.42;07/04/2026;Lopes de da Rocha
32;1854.81;11/04/2026;Almeida
60;1278.17;01/04/2026;Cavalcante
66;2635.29;20/04/2026;Nascimento da Prata
39;19329.59;18/04/2026;Fonseca de Minas
84;1425.94;18/04/2026;Gomes da Mata
95;8197.41;04/04/2026;Freitas do Amparo
89;6850.36;11/04/2026;Correia do Campo
77;7975.31;05/04/2026;da Cunha
23;18149.17;04/04/2026;Lima
55;16536.5;01/04/2026;Teixeira
56;5822.6;28/04/2026;Dias
86;15830.09;11/04/2026;Brito
19;17628.75;08/04/2026;Cunha
85;14006.83;07/04/2026;Costela da Praia
27;19086.89;03/04/2026;Fernandes
86;29.01;11/04/2026;Martins
94;1660.51;11/04/2026;da Costa
80;9916.85;05/04/2026;Araújo
24;16755.59;04/04/2026;Peixoto de Ramos
14;6008.4;10/04/2026;Cavalcante
66;11052.36;29/04/2026;Rodrigues
42;3072.24;28/04/2026;Sousa de da Conceição
2;19962.98;08/04/2026;da Mota de Souza
75;16465.22;22/04/2026;Leão Verde
49;9214.85;19/04/2026;da Cunha
49;11859.87;17/04/2026;Farias
39;18708.79;10/04/2026;Mendonça da Serra
96;13666.92;25/04/2026;Azevedo da Praia
34;13318.49;29/04/2026;Cunha
38;17727.03;27/04/2026;Freitas
33;4349.22;04/04/2026;Pinto
48;15401.75;15/04/2026;Pereira
20;8069.63;04/04/2026;Nascimento de Macedo
76;2995.81;12/04/2026;Dias da Mata
45;14153.71;26/04/2026;Marques do Galho
80;12748.45;26/04/2026;da Cunha de Rios
77;8288.01;19/04/2026;Pires da Praia
18;18918.73;07/04/2026;Mendonça das Pedras
11;14988.83;12/04/2026;Nunes
96;14239.64;17/04/2026;Ferreira do Amparo
60;5607.73;28/04/2026;Leão
9;13438.98;16/04/2026;Nogueira de Cirino
5;18293.3;10/04/2026;Leão
28;19419.53;11/04/2026;Garcia
21;19693.31;17/04/2026;Silveira
50;2959.9;15/04/2026;Silva do Galho
69;6137.79;23/04/2026;Abreu
2;9591.25;03/04/2026;Cirino
64;5903.19;01/04/2026;Moreira
7;8077.79;10/04/2026;da Cunha
79;3557.36;21/04/2026;Barbosa
45;12006.14;27/04/2026;da Conceição
98;3870.83;23/04/2026;Fogaça de Sampaio
9;6059.41;14/04/2026;Rezende
10;14049.77;06/04/2026;Caldeira
39;19483.02;03/04/2026;Guerra do Sul
62;13389.2;18/04/2026;Sá dos Dourados
73;424.62;04/04/2026;Mendonça do Campo
49;9248.97;05/04/2026;da Rosa Grande
98;6430.01;06/04/2026;da Rosa
82;12514.59;05/04/2026;Duarte
67;18546.39;13/04/2026;Brito
67;13323.84;12/04/2026;Castro
22;7314.62;15/04/2026;Ramos
58;3276.2;26/04/2026;Oliveira Paulista
36;11468.69;08/04/2026;Sá da Serra
60;4552.19;09/04/2026;Vasconcelos
78;3604.79;01/04/2026;Borges
26;6151.25;19/04/2026;da Rosa da Prata
34;8627.06;29/04/2026;da Luz
92;8600.94;27/04/2026;Novais do Sul
19;872.31;19/04/2026;Rios de Vargas
95;17743.76;06/04/2026;Gomes
97;17382.17;07/04/2026;Peixoto
62;12015.64;13/04/2026;Câmara
98;18212.08;23/04/2026;da Mata
83;17639.55;10/04/2026;Machado
8;1705.39;13/04/2026;Aparecida do Galho
34;14545.87;09/04/2026;Costa Verde
75;1416.78;01/04/2026;Sales
17;10948.1;14/04/2026;Casa Grande de Rocha
96;13398.21;07/04/2026;Rocha
9;3248.11;27/04/2026;Siqueira da Prata
71;10896.32;05/04/2026;Costa Paulista
8;3037.74;17/04/2026;Azevedo
43;9711.19;10/04/2026;Cunha
21;9563.19;26/04/2026;Pereira do Sul
89;18071.48;18/04/2026;Camargo Grande
34;19379.13;26/04/2026;Ferreira de Silva
36;15758.06;05/04/2026;Vieira de Peixoto
33;11724.74;29/04/2026;da Cruz do Norte
58;7038.5;06/04/2026;Araújo do Oeste
28;9757.2;10/04/2026;Teixeira Paulista
17;7494.12;14/04/2026;Gomes
94;8673.56;17/04/2026;Viana
7;1345.05;22/04/2026;Garcia do Oeste
63;4171.44;05/04/2026;Freitas Alegre
73;18024.08;12/04/2026;Rocha
1;348.74;11/04/2026;Freitas
3;16663.7;29/04/2026;Barbosa
76;19042.82;23/04/2026;Fernandes
1;17459.77;28/04/2026;Farias Grande
34;13145.19;03/04/2026;Fonseca
70;2854.27;14/04/2026;Barbosa de Minas
46;9947.75;11/04/2026;Pereira
46;14653.52;04/04/2026;Campos
65;11987.04;22/04/2026;Novaes dos Dourados
18;8762.05;01/04/2026;Mendonça do Galho
95;7525.87;03/04/2026;Lopes
26;14077.82;07/04/2026;Barros das Pedras
18;17809.28;01/04/2026;Garcia
77;647.97;14/04/2026;Moura do Norte
24;10924.74;19/04/2026;Correia de Minas
28;9973.84;19/04/2026;Casa Grande de Fernandes
92;18521.85;29/04/2026;da Cunha
50;7817.4;24/04/2026;Mendonça do Sul
40;1575.93;18/04/2026;Moraes de Aragão
96;19248.06;16/04/2026;Cunha
28;91.2;02/04/2026;Gonçalves
66;2461.91;22/04/2026;Pimenta
47;3420.12;01/04/2026;Lopes
8;11917.83;25/04/2026;Costela Verde
28;12558.54;27/04/2026;Sales de Goiás
94;6672.11;14/04/2026;Moreira do Oeste
30;17253.29;02/04/2026;da Rocha da Mata
23;5356.27;27/04/2026;Sampaio
4;1646.82;14/04/2026;Alves de Minas
39;16349.69;04/04/2026;Barros
49;8369.61;11/04/2026;Teixeira de Moraes
99;19083.54;08/04/2026;Rodrigues
90;13489.63;01/04/2026;Vargas
19;14098.71;05/04/2026;Ramos da Prata
75;10273.1;09/04/2026;Vieira
8;4783.19;04/04/2026;Campos Grande
97;12607.09;07/04/2026;Dias das Flores
13;14365.99;25/04/2026;Melo de Cunha
51;18479.72;09/04/2026;Vasconcelos
67;14004.59;11/04/2026;Lima do Galho
92;17468.87;07/04/2026;Cunha de Correia
25;15527.79;04/04/2026;da Rocha
79;10270.91;12/04/2026;Pinto de Sampaio
89;19042.55;13/04/2026;Albuquerque de Porto
86;16716.41;16/04/2026;Vieira da Praia
55;11776.43;08/04/2026;Barros
59;19775.5;25/04/2026;Fogaça de da Mota
50;18945.03;26/04/2026;Sales
99;10441.04;06/04/2026;Vasconcelos da Prata
60;12221.05;28/04/2026;Cirino
64;18735.51;03/04/2026;Viana de Peixoto
1;12478.4;12/04/2026;Aparecida da Praia
49;245.57;17/04/2026;Cavalcanti
61;3800.95;16/04/2026;Almeida
35;10442.78;24/04/2026;Santos
34;16787.55;10/04/2026;Azevedo de Minas
24;14252.65;11/04/2026;Mendonça
81;6745.94;17/04/2026;Cardoso do Oeste
14;16180.66;27/04/2026;Costa do Norte
21;10221.09;02/04/2026;Rocha de Teixeira
96;8751.95;16/04/2026;Correia
87;8946.05;08/04/2026;Cardoso de Goiás
84;14227.31;10/04/2026;Rios de Cavalcanti
72;15977.18;17/04/2026;Cavalcanti de Brito
39;17112.78;09/04/2026;Pastor
99;230.0;24/04/2026;Abreu do Oeste
80;10929.59;13/04/2026;Cirino
5;4027.93;01/04/2026;Brito
40;7972.84;20/04/2026;Brito
67;8724.36;19/04/2026;Oliveira
5;10291.94;07/04/2026;Carvalho Alegre
36;7823.15;06/04/2026;Cavalcante
10;10136.57;23/04/2026;Casa Grande de Minas
78;15733.17;04/04/2026;Azevedo
70;17988.04;24/04/2026;da Luz da Mata
94;7106.85;21/04/2026;Aparecida do Norte
15;11906.69;21/04/2026;Santos
45;1319.72;26/04/2026;da Costa
34;13374.41;15/04/2026;Cardoso
87;19506.54;03/04/2026;Monteiro
2;12746.12;20/04/2026;Cardoso de Santos
92;7846.55;06/04/2026;Rezende das Flores
81;16760.83;23/04/2026;Caldeira de Minas
90;18589.36;10/04/2026;Duarte do Oeste
49;12357.57;02/04/2026;Machado do Campo
84;11256.62;17/04/2026;Cassiano
87;9710.4;17/04/2026;Gomes do Amparo
60;15963.0;28/04/2026;Silva
66;12751.61;12/04/2026;Borges
48;1274.22;05/04/2026;Gomes
78;8704.37;10/04/2026;Melo da Praia
27;3337.0;01/04/2026;Fernandes
38;2069.02;16/04/2026;Gonçalves do Galho
21;14922.95;15/04/2026;Lima
18;6665.34;19/04/2026;Vargas de Fonseca
13;10397.27;25/04/2026;Oliveira de Fonseca
13;3729.85;12/04/2026;Leão de Barbosa
10;5368.59;09/04/2026;Dias de Dias
97;15433.51;03/04/2026;Pires da Prata
66;9445.73;13/04/2026;Nunes
64;15325.49;25/04/2026;Gomes dos Dourados
83;7920.19;13/04/2026;Rezende
5;9503.34;16/04/2026;Castro
44;14877.18;25/04/2026;Gonçalves do Sul
82;9678.45;17/04/2026;Rocha
19;10393.66;13/04/2026;Lima
72;5825.51;15/04/2026;Azevedo do Campo
29;7046.91;02/04/2026;da Conceição
83;7055.65;12/04/2026;Mendes de Costa
29;3394.42;11/04/2026;Câmara de Pires
11;11242.94;03/04/2026;Castro
84;18862.33;13/04/2026;da Cruz de Minas
45;4664.79;19/04/2026;Silva de Minas
84;18168.29;25/04/2026;Lima do Galho
22;11526.59;29/04/2026;Cardoso
52;16427.66;14/04/2026;Melo de Câmara
81;2883.06;23/04/2026;Sales do Campo
41;4480.1;03/04/2026;Sales
40;14822.61;12/04/2026;Alves de Macedo
50;11272.94;21/04/2026;Machado
63;12339.42;28/04/2026;Cassiano do Galho
79;2683.15;21/04/2026;Rezende
21;10775.83;22/04/2026;da Rosa de Rodrigues
95;7290.22;28/04/2026;Silveira
25;2970.56;15/04/2026;Rocha de Duarte
44;1102.62;19/04/2026;da Rocha
79;7634.64;21/04/2026;Camargo
95;5582.64;02/04/2026;Pimenta de Moura
71;14407.43;16/04/2026;Oliveira
77;11977.55;07/04/2026;da Cunha
73;8265.35;24/04/2026;Rezende de Campos
90;17920.92;06/04/2026;Pires Alegre
60;9684.74;21/04/2026;Aragão do Norte
5;1757.75;10/04/2026;Almeida
52;1142.17;25/04/2026;Lopes
84;5098.79;15/04/2026;Cunha de Goiás
35;10279.62;02/04/2026;Sá
5;18316.94;26/04/2026;Moraes
21;6991.5;16/04/2026;Aparecida
42;4595.6;18/04/2026;da Rocha Alegre
75;11146.37;01/04/2026;da Cruz
39;19202.91;24/04/2026;da Cunha
32;8494.68;11/04/2026;Rocha
71;15038.84;20/04/2026;Brito das Pedras
96;8842.23;03/04/2026;Nunes das Pedras
87;10704.23;06/04/2026;Oliveira do Galho
79;6541.68;03/04/2026;Garcia
73;16870.88;12/04/2026;Carvalho
90;12346.37;24/04/2026;Jesus da Praia
57;3673.64;24/04/2026;Viana
32;14830.48;28/04/2026;Costa
13;2828.02;20/04/2026;Cardoso de Teixeira
50;12220.28;19/04/2026;Farias das Flores
36;16621.16;18/04/2026;Fonseca Paulista
26;19993.81;08/04/2026;Rocha
98;7750.81;11/04/2026;da Conceição
41;2091.73;29/04/2026;Costela
45;9402.0;23/04/2026;Câmara Alegre
66;6782.05;01/04/2026;Oliveira
79;19722.04;15/04/2026;Melo
17;17902.77;08/04/2026;Cirino Verde
36;17375.87;08/04/2026;Machado
44;9647.0;08/04/2026;Monteiro de Minas
45;1826.87;08/04/2026;da Mata dos Dourados
78;7246.05;14/04/2026;Vargas
51;19669.93;11/04/2026;Rocha
35;9439.61;29/04/2026;Pires do Galho
87;19332.47;11/04/2026;Peixoto
12;12101.3;17/04/2026;Rocha de Garcia
26;16387.71;26/04/2026;Pimenta de Albuquerque
92;9364.59;05/04/2026;Cunha
15;8614.02;17/04/2026;Albuquerque
90;9388.63;14/04/2026;Cardoso
62;11108.06;07/04/2026;Abreu
76;5288.64;26/04/2026;Melo de Minas
78;5202.64;17/04/2026;da Cruz
76;394.74;06/04/2026;Vargas
31;13620.4;13/04/2026;Souza
57;11184.76;10/04/2026;Guerra da Mata
6;2882.03;08/04/2026;Pereira
27;10388.18;28/04/2026;Gomes
96;6250.16;05/04/2026;Jesus de Casa Grande
90;7911.83;04/04/2026;Freitas do Sul
39;5615.79;18/04/2026;Novais de Minas
57;15050.85;02/04/2026;Sousa
47;8215.89;11/04/2026;Vargas
54;12965.95;19/04/2026;Aparecida
14;18224.96;27/04/2026;da Cunha
53;19453.85;25/04/2026;Araújo
42;17372.06;11/04/2026;Azevedo do Sul
24;6365.5;06/04/2026;Gomes
43;4086.73;16/04/2026;Costa dos Dourados
43;917.79;17/04/2026;Nogueira Paulista
16;10145.09;11/04/2026;Montenegro Alegre
92;17396.33;19/04/2026;Silva da Mata
13;14041.08;09/04/2026;Siqueira Paulista
22;12993.65;02/04/2026;da Paz
58;11122.79;17/04/2026;Carvalho do Amparo
78;8146.16;07/04/2026;Alves
71;17719.56;02/04/2026;Leão
65;10498.28;17/04/2026;Araújo de Nogueira
52;1400.78;04/04/2026;Silva
32;9776.16;25/04/2026;da Cunha do Galho
78;624.1;01/04/2026;Montenegro de Vasconcelos
81;17740.7;25/04/2026;Fonseca de Cavalcanti
43;14454.12;15/04/2026;Santos do Oeste
19;7152.92;03/04/2026;Fogaça
63;1244.88;20/04/2026;Ferreira
41;2661.82;10/04/2026;Nascimento de Almeida
1;1519.51;20/04/2026;Brito
50;12365.36;20/04/2026;da Mota
81;18424.43;23/04/2026;das Neves
61;13368.66;05/04/2026;Garcia da Serra
64;6255.85;27/04/2026;Fernandes
95;11468.77;17/04/2026;Pinto
86;941.24;05/04/2026;Costela
17;3082.43;16/04/2026;Câmara de Goiás
31;16699.43;25/04/2026;Alves das Flores
50;2834.87;26/04/2026;Castro
48;1049.63;10/04/2026;Silva
78;10944.67;14/04/2026;Carvalho do Amparo
19;15090.93;20/04/2026;Rezende das Pedras
81;19842.04;16/04/2026;Cavalcante do Sul
37;12193.2;08/04/2026;Nascimento de da Paz
2;11204.9;03/04/2026;Santos
47;3685.4;22/04/2026;Lopes de da Rocha
16;4182.26;27/04/2026;Lima do Norte
56;4075.99;20/04/2026;Sales da Praia
66;7003.19;22/04/2026;Caldeira das Pedras
4;7425.48;04/04/2026;Jesus
56;9527.53;14/04/2026;Sampaio da Mata
100;19148.36;14/04/2026;Duarte de Abreu
61;16066.5;03/04/2026;Araújo das Flores
63;16974.28;21/04/2026;Porto
48;18454.63;16/04/2026;Cavalcante
95;6315.65;15/04/2026;da Luz
83;2358.82;21/04/2026;da Cunha
17;3265.7;02/04/2026;Pastor
71;14970.88;13/04/2026;Cassiano
78;11886.29;02/04/2026;Brito do Campo
7;11521.06;11/04/2026;Farias dos Dourados
79;15844.38;29/04/2026;Cirino da Praia
11;15878.22;22/04/2026;Silva
95;16554.22;08/04/2026;Fernandes de Pinto
71;3065.13;02/04/2026;Câmara
72;4860.24;04/04/2026;da Costa da Prata
28;14462.42;16/04/2026;Rocha Grande
40;19533.16;03/04/2026;Teixeira
32;761.84;26/04/2026;Vasconcelos
29;13933.73;26/04/2026;Rezende
61;2593.19;10/04/2026;Santos dos Dourados
18;10770.71;13/04/2026;Duarte
88;8840.44;20/04/2026;Costela
92;11518.37;23/04/2026;Lima
82;6630.27;29/04/2026;Gonçalves de Almeida
58;9155.17;09/04/2026;Duarte Verde
45;11268.54;16/04/2026;Oliveira do Oeste
3;19795.53;25/04/2026;Sales de Cunha
10;12980.12;21/04/2026;Caldeira da Mata
55;10389.42;10/04/2026;Cavalcanti
54;15977.12;15/04/2026;Duarte
65;9414.4;15/04/2026;Albuquerque Paulista
5;2986.35;01/04/2026;Albuquerque
37;1828.99;06/04/2026;Souza
81;12826.92;26/04/2026;Macedo de Goiás
25;16969.77;18/04/2026;Cavalcanti do Campo
50;15511.06;13/04/2026;Mendonça
79;11796.14;08/04/2026;Ferreira
41;13317.34;06/04/2026;Rezende
79;8479.4;09/04/2026;Sá
71;4804.23;17/04/2026;Cavalcanti Paulista
73;2412.49;25/04/2026;Mendes
40;5084.38;04/04/2026;Brito
59;4991.23;22/04/2026;Casa Grande
92;2211.73;20/04/2026;da Conceição
58;10383.86;29/04/2026;das Neves
77;15239.48;19/04/2026;Pimenta do Sul
8;16473.62;03/04/2026;Fogaça do Amparo
4;10444.35;04/04/2026;da Rosa
23;1242.5;27/04/2026;Almeida
69;7898.37;02/04/2026;da Mota de Goiás
7;13717.11;05/04/2026;Camargo Verde
8;7503.77;13/04/2026;Sá Verde
88;1826.55;26/04/2026;Vargas
78;5249.41;14/04/2026;Borges
9;2354.97;18/04/2026;Farias
45;9841.58;13/04/2026;Barbosa
6;8530.68;07/04/2026;Nunes
74;8554.81;06/04/2026;Albuquerque
96;14128.76;18/04/2026;Casa Grande
46;9416.18;23/04/2026;Cavalcante
46;3289.16;05/04/2026;Campos
87;613.53;15/04/2026;Carvalho
53;13088.18;14/04/2026;Alves de Azevedo
38;13940.55;06/04/2026;Barbosa
55;10548.32;19/04/2026;Fogaça
55;574.84;29/04/2026;Silveira
63;5633.48;05/04/2026;Leão
59;16138.55;27/04/2026;Novaes
33;3139.62;08/04/2026;Cassiano de Moura
42;6945.8;10/04/2026;da Mata
65;6403.28;26/04/2026;Cavalcanti
87;3320.93;18/04/2026;Montenegro
78;2207.54;29/04/2026;Aragão
99;4896.46;25/04/2026;Vieira
8;16499.46;23/04/2026;Aparecida do Amparo
6;3814.43;24/04/2026;Rodrigues
100;13046.78;02/04/2026;Pastor
35;19662.36;06/04/2026;Costa Grande
95;10019.76;05/04/2026;Aparecida
1;1715.48;19/04/2026;Lopes Verde
78;9683.99;05/04/2026;Silva do Amparo
15;17820.12;21/04/2026;da Mata
82;8301.05;28/04/2026;Vargas da Praia
54;7977.56;27/04/2026;Mendonça
67;12524.32;17/04/2026;Barbosa de Ribeiro
35;7463.56;26/04/2026;Sousa
10;19733.92;10/04/2026;da Mota
4;19458.1;29/04/2026;Lima Alegre
10;4983.54;16/04/2026;Rezende de Caldeira
13;3562.8;20/04/2026;Gomes dos Dourados
23;2110.07;24/04/2026;Siqueira de Ferreira
91;18267.57;19/04/2026;Cunha do Campo
61;9287.7;21/04/2026;Fogaça da Serra
31;1198.27;23/04/2026;Garcia
90;14941.37;16/04/2026;Carvalho da Mata
68;345.6;14/04/2026;Dias
81;929.25;06/04/2026;Rocha de Teixeira
95;17457.66;09/04/2026;Vasconcelos Verde
12;18236.99;24/04/2026;Macedo
47;8028.36;05/04/2026;Leão Grande
82;19975.89;25/04/2026;Vieira de Siqueira
13;12292.05;14/04/2026;Garcia de das Neves
95;9981.08;15/04/2026;da Cruz
6;1756.81;04/04/2026;Vargas de Goiás
41;482.08;05/04/2026;Pastor
76;11074.17;02/04/2026;Borges
73;10300.03;16/04/2026;Barros
37;4390.46;17/04/2026;Cirino
93;15657.05;25/04/2026;Porto
93;15261.55;04/04/2026;Fernandes das Pedras
56;8427.79;10/04/2026;Sá Alegre
6;2597.42;15/04/2026;Nunes de Araújo
90;3552.12;26/04/2026;Campos Alegre
13;10776.18;08/04/2026;Cavalcanti
55;18631.91;10/04/2026;da Luz da Praia
52;12926.94;19/04/2026;Almeida de Goiás
70;14587.44;21/04/2026;Santos
96;4846.81;16/04/2026;Câmara do Norte
82;13536.84;25/04/2026;Costela
23;9056.87;10/04/2026;Nogueira de Camargo
27;12584.48;09/04/2026;da Cunha
70;8080.68;23/04/2026;Mendes
40;7798.08;03/04/2026;Novaes
97;4156.38;21/04/2026;Aragão do Galho
98;12835.71;15/04/2026;Castro Verde
17;8718.23;14/04/2026;Brito
57;15627.42;12/04/2026;Ramos
11;14589.4;23/04/2026;Moura
20;14434.67;06/04/2026;Câmara
93;16305.86;12/04/2026;Ferreira de Novaes
10;2706.36;15/04/2026;Pires
42;13504.8;28/04/2026;Nogueira de Almeida
42;15777.36;14/04/2026;Araújo Verde
28;17637.74;05/04/2026;Araújo de Azevedo
85;3157.15;15/04/2026;Correia Grande
79;19455.43;06/04/2026;Martins Grande
8;6391.54;08/04/2026;Pereira
45;3196.08;29/04/2026;Rios
79;7233.28;29/04/2026;da Rocha Grande
57;3726.64;17/04/2026;Lopes do Campo
11;18697.61;15/04/2026;Rodrigues
9;6327.46;08/04/2026;Lima
22;4952.73;19/04/2026;Sampaio de Pereira
28;7641.1;08/04/2026;da Mata
1;4787.76;10/04/2026;Sampaio
100;15832.39;19/04/2026;Costela do Galho
62;12463.94;17/04/2026;Aparecida das Pedras
52;12032.13;28/04/2026;Rocha
16;18551.35;17/04/2026;Rodrigues
14;18791.37;15/04/2026;Nascimento da Prata
7;15027.89;26/04/2026;Ribeiro
82;3940.16;21/04/2026;Machado
83;17904.41;01/04/2026;Mendonça
17;7728.56;10/04/2026;Silva
93;19401.84;13/04/2026;Dias
29;2153.33;09/04/2026;Albuquerque da Prata
40;10247.26;01/04/2026;Cunha
17;7824.19;11/04/2026;Azevedo
65;16862.13;19/04/2026;Borges das Pedras
72;1164.02;12/04/2026;Silveira
57;14010.22;27/04/2026;Pastor
44;14607.63;10/04/2026;Vargas de Costela
48;14397.32;06/04/2026;Martins
7;8957.93;02/04/2026;Martins
4;9605.8;24/04/2026;Andrade
10;13490.44;01/04/2026;Moreira do Sul
65;14406.23;28/04/2026;Sales da Praia
87;14259.2;22/04/2026;Viana de Cassiano
75;4328.92;12/04/2026;Pimenta dos Dourados
65;12.85;22/04/2026;Pastor Verde
50;14480.37;21/04/2026;Nunes
30;17495.69;20/04/2026;Pereira
88;5939.66;14/04/2026;Rodrigues do Campo
3;17511.28;20/04/2026;Freitas de Pimenta
7;13966.47;14/04/2026;da Mata do Campo
69;7450.3;15/04/2026;Correia de Mendes
89;4180.51;05/04/2026;Ferreira das Flores
6;3740.68;16/04/2026;Sá dos Dourados
13;7772.98;01/04/2026;Mendes do Amparo
55;10807.67;09/04/2026;Porto
63;18501.25;22/04/2026;Montenegro da Prata
47;15599.87;02/04/2026;Costela
81;16353.94;22/04/2026;Moura
16;11053.02;05/04/2026;Viana Paulista
91;16052.04;01/04/2026;Albuquerque
99;179.5;29/04/2026;Macedo Grande
60;7519.61;09/04/2026;Jesus
54;7388.93;15/04/2026;Jesus do Amparo
31;16357.44;01/04/2026;da Rosa
20;4023.67;16/04/2026;da Luz Verde
47;10334.95;13/04/2026;Pires
21;2042.08;05/04/2026;Sá
94;5980.34;18/04/2026;Mendes de da Rosa
43;2722.29;11/04/2026;Pastor
9;13827.58;12/04/2026;Macedo de Cavalcante
8;6759.0;14/04/2026;das Neves da Prata
76;6320.09;10/04/2026;Mendonça
65;9583.71;08/04/2026;Sales
2;5697.1;28/04/2026;Cavalcante das Pedras
8;7620.93;23/04/2026;Costa Verde
59;10849.26;11/04/2026;Nogueira do Amparo
8;10325.5;21/04/2026;Vieira
91;10673.71;29/04/2026;Siqueira da Serra
84;14442.47;20/04/2026;Casa Grande do Norte
74;6419.53;22/04/2026;Aragão
18;17707.13;12/04/2026;Pacheco
1;7402.94;12/04/2026;Montenegro dos Dourados
97;6025.85;26/04/2026;Nunes das Pedras
76;1286.23;03/04/2026;Souza das Flores
90;9318.12;28/04/2026;Gomes Paulista
49;13409.7;29/04/2026;Carvalho
5;19254.4;28/04/2026;Vasconcelos
82;1424.98;15/04/2026;Fernandes do Campo
22;19372.55;07/04/2026;Santos
51;4630.67;22/04/2026;Dias
25;12500.4;05/04/2026;Farias dos Dourados
33;146.1;27/04/2026;Ferreira de Ribeiro
95;15404.9;06/04/2026;Fogaça do Oeste
70;5048.53;15/04/2026;Gonçalves do Norte
25;9172.8;10/04/2026;Correia dos Dourados
76;16261.22;05/04/2026;Pastor
68;12915.61;15/04/2026;Sales
36;11080.62;29/04/2026;da Rosa
73;12991.87;08/04/2026;Silva
79;16470.35;05/04/2026;Novais
75;19755.3;07/04/2026;Montenegro do Norte
98;12112.42;03/04/2026;Pastor Paulista
96;9522.38;12/04/2026;Rezende
84;4121.38;08/04/2026;Novais
40;3717.7;07/04/2026;Lima
84;6134.37;06/04/2026;Brito de Minas
